,Rate,Votes,Duration,A_Severe,Approved,Passed,PG,F_No.Rate,N_Mild,Series,V_Mild,Predicted
2,6.3,64375,90,0,0,0,0,0,0,0,0,6.368870625
5,8.3,84636,155,0,0,0,0,0,0,0,0,6.651006156
7,7.3,153835,115,0,0,0,0,0,1,0,0,6.558877285
8,8.3,220201,45,0,0,0,0,0,0,1,1,8.093471271
9,8.2,906327,44,0,0,0,0,0,1,1,0,9.339943217
11,9.2,340006,55,1,0,0,0,0,0,1,0,8.427777426
14,7.5,275094,41,0,0,0,0,0,0,1,0,8.109214674
16,6.8,246603,134,0,0,0,0,0,0,0,0,6.908844813
32,6.7,414787,112,0,0,0,0,0,1,0,0,7.088223877
35,7.6,59581,60,0,0,0,0,0,0,1,0,7.733092251
36,5.3,3798,93,0,0,0,1,0,1,0,0,6.294460658
37,6.8,11483,60,0,0,0,0,0,1,1,0,7.545841293
62,8.8,903947,22,0,0,0,0,0,1,1,0,9.253724237
72,5.5,3196,103,0,0,0,0,1,0,0,0,5.985703916
76,7.4,1370,108,0,0,0,0,0,0,0,1,6.38805727
79,7.8,7917,120,0,0,0,0,0,0,1,0,7.847796107
82,7.8,28198,90,0,0,0,0,0,1,1,0,7.691308058
91,6.2,3525,110,0,0,0,0,0,0,0,0,6.316750275
100,7.9,537031,130,0,0,0,0,0,0,0,1,7.578701201
102,5.8,13148,104,0,0,0,0,0,1,0,1,6.310029508
106,5.9,10281,120,0,0,0,0,0,0,0,0,6.367691951
113,6,5468,137,0,0,0,0,0,1,0,0,6.332899228
121,7.8,1096676,194,0,0,0,0,0,0,0,0,8.891045996
123,8.4,214799,60,1,0,0,0,0,0,1,0,8.186948729
124,6.4,1894,107,0,0,0,0,1,0,0,0,5.997787474
129,8.3,635038,22,0,0,0,0,0,0,1,0,8.784453698
131,7.5,41356,30,0,0,0,0,0,1,1,0,7.496858276
135,7.8,26981,43,0,0,0,0,0,1,1,0,7.515122651
146,7.3,89503,60,0,0,0,0,0,0,1,1,7.878220713
155,7,2247,90,0,0,0,1,0,0,0,1,6.450963537
157,8.1,110011,44,0,0,0,0,0,1,1,0,7.690772781
165,7.7,298419,43,0,0,0,0,0,0,1,0,8.164910749
172,8.4,98462,60,0,0,0,0,0,0,1,0,7.813614802
182,7.7,499163,157,0,0,0,0,0,1,0,0,7.429241573
184,5.4,24928,121,0,0,0,0,0,0,0,0,6.401720888
196,6.5,89023,101,0,0,0,0,0,1,0,1,6.456081633
198,7.7,18024,42,0,0,0,0,0,1,1,0,7.492877704
203,7.6,190528,118,0,0,0,0,0,0,0,0,6.733593488
214,7.2,247470,130,0,0,0,0,0,0,0,0,6.89586037
221,5.9,1379,88,0,0,0,0,0,0,0,0,6.231015909
222,8,311747,76,0,0,0,1,0,0,0,1,7.040208037
225,6.9,33733,92,0,0,0,0,0,0,0,0,6.312801043
229,8.3,326240,55,0,0,0,0,0,0,1,0,8.26686804
231,4.9,89175,99,0,0,0,0,0,0,0,0,6.453486425
232,9,2428117,152,0,0,0,0,0,0,0,0,11.49327031
233,7,249542,22,1,0,0,0,0,0,1,1,8.201651482
240,8.6,127699,30,0,0,0,0,0,1,1,0,7.675674629
247,8.2,5946,30,0,0,0,0,1,0,1,0,7.206664166
255,7.7,33951,45,0,0,0,0,0,1,1,0,7.536947521
266,7.3,270994,127,0,0,0,0,0,0,0,0,6.933493574
274,8.8,2178860,148,0,0,0,0,0,0,0,0,10.96227906
285,8.4,13006,45,0,0,0,0,0,0,1,1,7.664370426
301,7.2,157817,110,0,0,0,1,0,1,0,1,6.759409007
303,7.5,418232,42,0,0,0,0,0,1,1,0,8.321708472
322,8,45651,90,0,0,0,0,0,0,1,1,7.898253221
371,8.4,87771,44,0,0,0,0,0,1,1,1,7.727873741
374,5.5,97452,91,0,0,0,0,0,0,0,0,6.441068092
377,7.8,167482,135,0,0,0,1,0,0,0,0,6.876280222
378,7.1,87,99,0,0,0,0,1,0,0,0,5.964485177
381,6.8,86264,94,0,0,0,0,0,1,0,0,6.341342744
390,7.3,255946,77,0,0,0,1,0,0,0,1,6.928339166
392,8.1,890725,141,0,0,0,0,0,0,0,1,8.351846475
408,4.3,503,100,0,0,0,0,1,0,0,0,5.969041713
409,8.4,228494,46,0,0,0,0,0,1,1,0,7.943541074
410,7.6,528312,101,1,0,0,0,0,0,0,0,7.502729152
414,8.3,178609,44,0,0,0,0,0,1,1,0,7.832839239
416,5.4,13541,108,0,0,0,0,0,1,0,0,6.242463411
422,8.7,288210,22,0,0,0,0,0,0,1,0,8.06617291
423,8.5,179236,55,1,0,0,0,0,0,1,0,8.094822756
424,8.5,231051,55,0,0,0,0,0,0,1,0,8.069731621
426,8,28460,32,0,0,0,0,0,1,1,0,7.47754066
432,6.1,55699,100,0,0,0,0,0,0,0,0,6.387852629
434,6.2,871,30,0,0,0,0,1,0,1,0,7.196153841
437,8.5,1116887,116,0,0,0,1,0,1,0,1,8.767812977
439,7.5,63761,60,1,0,0,0,0,0,1,1,7.957309031
447,7.1,291951,109,0,0,0,0,0,0,0,0,6.910385521
451,5.8,122626,105,0,0,0,0,0,0,0,1,6.628093446
453,8.7,481801,51,0,0,0,0,0,0,1,1,8.657414871
467,8.1,912095,127,0,0,0,0,0,0,0,0,8.261213745
468,8,160208,22,0,0,0,0,0,0,1,1,7.884240768
470,8,34783,30,0,0,0,0,0,1,1,0,7.483245593
472,8.1,172612,43,0,0,0,0,0,1,1,0,7.816724452
473,8.6,100778,24,0,0,0,0,0,1,1,0,7.597751238
475,7.7,181506,110,0,0,0,1,0,1,0,1,6.808468926
484,8,5938,60,0,0,0,0,0,0,1,0,7.621997598
486,5.9,91482,95,0,0,0,0,0,1,0,0,6.355844222
489,6.5,405145,141,0,0,0,0,0,0,0,0,7.263050295
498,8.4,53072,25,0,0,0,0,0,1,1,0,7.502647112
499,3.2,298,91,0,0,0,0,1,0,0,0,5.935362158
511,6.4,7204,44,0,0,0,0,0,1,1,1,7.561019484
512,7.5,483032,90,0,0,0,0,0,0,0,0,7.235909272
513,8.2,125181,45,0,0,0,0,0,1,1,0,7.725884851
514,7.5,121649,45,0,0,0,0,0,0,1,0,7.806210079
526,7.4,319208,159,0,0,0,0,1,0,0,0,6.847084768
527,6.2,4839,115,0,0,0,0,0,1,0,0,6.250306569
535,6.6,72386,118,0,0,0,0,0,0,0,0,6.488921406
544,7.3,680014,134,0,0,0,0,0,0,0,0,7.806438994
548,5.7,1129,50,0,0,0,0,1,0,1,0,7.270588159
555,8.1,748244,99,0,0,0,0,0,0,0,0,7.818418324
557,5.5,331,111,0,0,0,0,1,0,0,0,6.009330501
563,7.4,129585,107,0,0,0,0,0,1,0,0,6.479095535
566,7.7,744824,100,0,0,0,0,0,0,0,1,7.898190504
567,7.7,169214,86,0,0,0,0,0,1,0,0,6.483572194
569,6.9,55502,137,0,0,0,0,0,0,0,1,6.607319642
573,8,765552,113,0,0,0,0,0,1,0,0,7.818353192
578,7.9,57730,60,0,0,0,0,0,0,1,1,7.81241883
587,4.7,593,83,1,0,0,0,0,1,0,1,6.338833103
589,4.7,369,91,0,0,0,0,1,0,0,0,5.935509199
591,8.1,805570,130,0,0,0,0,0,0,0,0,8.05168547
599,6.2,165426,120,0,0,0,0,0,1,0,0,6.601357246
609,8.4,93482,60,0,0,0,0,0,0,1,0,7.803301222
615,8.5,767273,106,0,0,0,0,0,0,0,1,7.966852383
617,7.9,251062,155,1,0,0,0,0,0,0,0,7.128074402
620,7.1,65518,106,0,0,0,0,0,0,0,0,6.430357778
627,7.4,46222,122,0,0,0,1,0,1,0,0,6.489475762
629,7.8,274365,129,0,0,0,1,0,0,0,0,7.075464915
656,8.1,944500,107,0,0,0,0,0,1,0,0,8.1667845
662,8.6,25107,60,1,0,0,0,0,0,1,1,7.877256597
673,7.3,132494,97,0,0,0,0,0,1,0,0,6.448170074
680,5.3,37402,93,0,0,0,0,0,0,0,0,6.324094542
682,8.4,6876,24,0,0,0,0,0,1,1,0,7.403280196
684,7.8,497755,117,0,0,0,0,0,0,0,0,7.366165605
700,7.3,344487,105,0,0,0,0,0,1,0,0,6.916767577
701,4.8,51201,105,0,0,0,0,0,0,0,0,6.397012271
703,5.3,6507,60,0,0,0,0,0,0,1,0,7.623175997
704,7.7,503935,108,0,0,0,0,0,0,0,0,7.345709385
709,7.4,584281,161,0,0,0,1,0,0,0,1,7.918700951
717,8,745279,156,0,0,0,0,0,1,0,0,7.935252809
731,8.3,68644,142,0,0,0,0,0,0,0,0,6.569851724
734,8.9,1715063,201,0,0,0,0,0,0,0,0,10.19759047
740,8.3,36046,22,0,0,0,0,0,0,1,0,7.543941266
746,5.6,26526,109,0,0,0,0,0,0,0,0,6.360690346
747,7.9,582354,142,0,0,0,1,0,0,0,0,7.761345134
751,4.1,557,31,0,0,0,0,1,0,0,0,5.714198547
756,9,732301,96,0,1,0,0,0,0,0,0,8.850315371
760,8,1311358,143,0,0,0,0,0,0,0,0,9.147207418
767,7.4,35374,143,0,0,0,0,0,1,0,0,6.417004554
769,8,152255,60,0,0,0,0,0,0,1,0,7.925020105
770,5.1,14731,124,0,0,0,0,0,0,0,0,6.391687901
777,8.3,54418,30,0,0,0,0,0,1,1,0,7.523909678
782,8.4,103243,48,0,0,0,0,0,1,1,0,7.691536253
784,9,252106,44,0,0,0,0,0,0,1,0,8.072691526
786,7.1,85011,102,0,0,0,0,0,0,0,1,6.539107781
787,5.9,11863,107,0,0,0,0,0,1,0,1,6.318453273
802,7.1,388952,117,0,0,0,0,0,0,0,0,7.140834592
807,6.6,75796,96,0,0,0,0,0,0,0,0,6.414693516
815,5.3,1015,110,0,0,0,0,1,0,0,0,6.007052065
821,3.4,38496,45,0,0,0,0,0,1,1,0,7.546360216
829,8.4,919273,115,0,0,0,1,0,1,0,0,8.271699383
833,6.6,437313,142,0,0,0,0,0,0,0,0,7.333365223
839,8.7,33068,55,1,0,0,0,0,0,1,0,7.792108828
840,7.3,247942,122,0,0,0,0,0,0,0,0,6.867277882
849,6.9,16638,117,0,0,0,0,0,0,0,0,6.369772298
853,7.4,613054,141,0,0,0,0,0,1,0,0,7.605989834
862,7.1,341519,126,0,0,0,0,0,0,0,0,7.075855849
867,8.2,429657,130,0,0,0,0,0,1,0,1,7.268689647
883,7.2,211927,99,0,0,0,0,0,1,0,0,6.620065817
886,7.5,45988,42,0,0,0,0,0,0,1,0,7.638431148
891,7.3,173698,105,1,0,0,0,0,0,0,0,6.783103558
896,6.8,470439,129,0,0,0,0,0,1,0,0,7.266294169
901,8.7,956596,133,0,0,0,0,0,1,0,0,8.287905316
905,8.4,22477,60,0,0,0,0,0,0,1,0,7.656249867
906,7.8,597089,100,0,0,0,0,0,0,0,0,7.509071319
908,8.3,631754,149,0,0,0,0,0,0,0,1,7.845077534
909,8.9,132,102,0,0,0,0,1,0,0,0,5.975663372
911,7.8,388301,115,0,0,0,1,0,0,0,1,7.342856371
915,6.9,40680,22,0,0,0,0,0,1,1,0,7.46589828
918,8.1,595966,148,0,0,0,0,0,0,0,1,7.767265586
922,5.1,37335,97,0,0,0,0,0,0,0,0,6.338735785
923,8.1,768274,117,0,0,0,0,0,0,0,1,8.009570454
930,7.8,212969,127,0,0,0,1,0,0,0,0,6.940923799
937,6.7,68836,152,0,0,0,0,0,0,0,0,6.607199356
942,6.2,1677,30,0,0,0,0,1,0,1,0,7.197823067
947,8.6,84221,11,0,0,0,0,0,1,1,0,7.515426691
949,7.6,74397,123,0,0,0,0,0,0,0,0,6.511561187
957,7.3,505,55,0,0,0,0,1,0,1,0,7.287770855
960,8.1,23480,45,0,0,0,0,0,0,1,0,7.60290208
964,7.4,133085,90,0,0,0,0,0,0,0,1,6.594329035
969,8.3,49492,28,0,0,0,0,0,1,1,1,7.589477932
973,8.5,986883,88,0,0,0,0,0,0,0,1,8.355154693
975,7,321888,130,0,0,0,0,0,1,0,0,6.962340048
980,7.9,213379,87,0,0,0,1,0,0,0,1,6.877132909
983,8.2,640229,118,0,0,0,0,0,0,0,0,7.664924259
990,7.6,31610,60,0,0,0,0,1,0,1,0,7.37066431
994,8.3,14859,24,0,0,0,0,0,1,1,0,7.419812989
996,7.2,351305,132,0,0,0,0,0,1,0,0,7.030652655
1021,7.6,14882,60,0,0,0,0,0,1,1,0,7.552880622
1027,7.4,126991,97,0,0,0,0,0,0,0,0,6.524413361
1030,7.6,509474,103,0,0,0,1,0,0,0,1,7.549465654
1034,8.1,993069,103,0,0,0,1,0,0,0,0,8.467830899
1035,6.2,65088,134,0,0,0,1,0,1,0,1,6.656047248
1036,6.6,94901,119,0,0,0,1,0,0,0,1,6.750004971
1038,7.7,36499,22,0,0,0,0,0,1,1,0,7.457239429
1046,7.5,26066,30,0,0,0,0,0,0,1,1,7.635992686
1051,7,550363,145,0,0,0,0,0,1,0,0,7.490936773
1069,8,750738,124,0,0,0,0,0,0,0,0,7.915958398
1074,8.7,1550497,179,0,0,0,0,0,0,0,0,9.775484287
1086,5.4,146810,101,0,0,0,0,0,0,0,1,6.66339851
1092,7.4,129944,101,0,0,0,1,0,0,0,1,6.756069024
1099,8.1,160172,131,0,0,0,0,0,0,0,0,6.718761212
1103,5.5,6680,103,0,0,0,0,0,0,0,1,6.38057928
1116,6.3,115825,118,0,0,0,0,0,1,0,1,6.574403575
1119,5.8,59654,116,0,0,0,0,0,0,0,0,6.455163434
1123,7.8,711887,147,0,0,0,0,0,0,0,0,7.920482977
1139,6.5,213425,117,0,0,0,0,0,1,0,1,6.772838175
1142,6.6,101298,120,0,0,0,0,0,1,0,0,6.468548158
1148,7.5,352836,126,0,0,0,0,0,1,0,0,7.011653356
1149,6.7,218911,120,0,0,0,0,0,1,0,0,6.712124681
1157,6.6,153563,84,0,0,0,0,0,1,0,1,6.526928973
1158,6.6,176235,140,0,0,0,0,0,0,0,0,6.785282685
1164,6.6,217612,104,0,0,0,0,0,0,0,0,6.737954452
1166,5.8,135910,93,0,0,0,0,0,0,0,0,6.52810461
1171,5.9,57264,117,0,0,0,0,0,0,0,0,6.453908744
1174,7.4,24157,60,0,0,0,0,0,1,1,1,7.655249147
1188,7.6,39369,57,0,0,0,0,0,1,1,0,7.592508199
1190,7.3,77922,43,0,0,0,0,0,1,1,0,7.620621462
1194,7.2,622412,115,0,0,0,0,0,1,0,1,7.612460252
1198,8.2,883637,135,0,0,0,0,0,1,0,1,8.227357227
1199,7.3,315247,97,0,0,0,0,0,1,0,1,6.909811537
1231,7.7,9196,52,0,0,0,0,0,1,1,1,7.594704916
1233,7.4,226759,124,0,0,0,0,0,1,0,0,6.743157889
1235,7.1,3912,27,0,0,0,0,1,0,0,0,5.706366752
1241,7.2,280324,129,0,0,0,0,0,0,0,0,6.960206004
1244,7.4,593439,102,0,0,0,1,0,0,0,1,7.719662169
1246,8.3,28390,60,0,0,0,0,0,1,1,1,7.66401569
1251,6.7,250,138,0,0,0,0,0,1,0,1,6.40894775
1252,7.4,429358,128,0,0,0,0,0,1,0,0,7.177520418
1260,8.1,381082,89,0,0,0,0,0,1,0,1,7.016595822
1262,6.8,4189,112,0,0,0,0,0,0,0,1,6.408675419
1264,8,822248,107,0,0,0,0,0,0,0,0,8.001240608
1270,9.1,23812,45,0,0,0,0,0,0,1,1,7.686749652
1271,6,94364,114,0,0,0,0,0,1,0,0,6.432017844
1274,7,136351,121,0,0,0,0,0,0,0,0,6.632477921
1276,6.4,468355,89,0,0,0,0,0,1,0,0,7.114178205
1277,8.4,25707,30,0,0,0,0,0,0,1,0,7.552089197
1282,5.7,170773,113,0,0,0,0,0,0,0,0,6.674205883
1283,7.3,394482,123,0,0,0,0,0,0,0,0,7.174457222
1284,7.3,23175,60,0,0,0,0,0,1,1,1,7.653215425
1295,8.2,116460,60,1,0,0,0,0,0,1,0,7.98328866
1296,5.7,214997,119,0,0,0,0,0,1,0,0,6.700323787
1298,6.7,60144,90,0,0,0,0,0,0,0,1,6.443268224
1304,8.6,58326,30,0,0,0,0,0,1,1,0,7.532003146
1306,5.6,21794,110,0,0,0,0,0,1,0,0,6.266945374
1310,8.3,15304,30,0,0,0,0,0,0,1,1,7.613704584
1318,6.6,57588,42,0,0,0,0,0,1,1,0,7.574814748
1325,6.3,80557,108,0,0,0,0,0,0,0,0,6.468893547
1346,6.7,96673,127,0,0,0,1,0,1,0,0,6.612434783
1349,7.3,169670,122,0,0,0,0,0,1,0,0,6.61753657
1350,7,41387,21,0,0,0,0,0,1,1,1,7.546827477
1359,5.1,28917,131,0,1,0,0,0,1,0,1,7.518452107
1367,8.2,1023,127,0,0,0,0,1,0,0,0,6.069883633
1372,8,671712,111,0,0,0,0,0,0,0,1,7.787420552
1377,7.4,16974,83,0,0,0,0,0,0,0,1,6.327998154
1388,8.1,3342,23,0,0,0,0,0,0,1,1,7.563066282
1393,7.4,12723,30,0,0,0,0,0,1,1,0,7.437559333
1397,5.8,204827,118,0,0,0,0,0,0,0,0,6.763206717
1406,7.9,3529,90,0,0,0,0,0,1,1,1,7.723378559
1412,7.9,438092,138,0,0,0,0,0,1,0,0,7.232558532
1413,7.4,286004,157,0,0,0,0,0,1,0,0,6.987789284
1416,8.2,14115,44,1,0,0,0,0,0,1,0,7.712212165
1423,5.5,2584,108,0,0,0,0,0,0,0,0,6.307411464
1429,6.5,53516,106,0,0,0,0,0,1,0,0,6.317861636
1435,8.3,14288,59,0,0,0,0,1,0,1,0,7.331095448
1439,8,597021,129,0,0,0,0,0,1,0,0,7.528445491
1447,8.5,544369,102,0,0,0,1,0,0,0,1,7.618038199
1448,6.2,89746,117,0,0,0,0,0,0,0,0,6.521178966
1450,7.9,209010,144,1,0,0,0,0,0,0,0,7.00033971
1458,7.8,106794,120,0,0,0,0,0,1,0,1,6.563090374
1475,7.3,38429,42,1,0,0,0,0,1,1,0,7.667536459
1482,7.8,196022,107,0,0,0,0,0,0,0,0,6.704326562
1484,8.7,1208700,124,0,0,0,1,0,0,0,1,9.0751577
1488,8.2,719054,127,0,0,0,0,0,1,0,0,7.773785834
1490,6.9,45169,43,0,0,0,0,0,0,1,0,7.640429999
1492,7.3,225616,118,0,0,0,0,0,1,0,0,6.718620736
1493,6.7,117346,96,0,0,0,0,0,1,0,0,6.413103566
1495,5.4,241869,121,0,0,0,0,0,1,0,0,6.763365699
1497,8,15938,90,1,0,0,0,0,0,1,0,7.885957598
1501,7.8,188998,100,0,0,0,0,0,0,0,1,6.747074858
1502,7.9,640174,90,0,0,0,1,0,1,0,1,7.684470354
1508,8,36173,22,0,0,0,0,0,0,1,1,7.627364283
1511,6.1,39203,108,0,0,0,0,0,1,0,0,6.295609413
1517,5.4,150583,99,0,0,0,0,0,0,0,0,6.580662393
1519,6.5,430010,116,0,0,0,0,0,0,0,0,7.22217071
1526,7.7,287861,139,0,0,0,0,0,1,0,1,7.008285131
1534,7.3,107126,126,0,0,0,1,0,0,0,1,6.801187946
1538,7,84102,91,0,0,0,0,0,0,0,0,6.413420242
1539,7.5,33175,45,0,0,0,0,0,1,1,0,7.535340425
1541,7.9,105469,28,1,0,0,0,0,0,1,0,7.842286299
1545,5.3,34819,156,0,0,0,0,0,0,0,0,6.551530149
1551,7,230466,94,0,0,0,0,0,0,0,1,6.810785086
1559,7.3,62834,120,1,0,0,0,0,1,0,1,6.604449214
1576,7.5,421450,167,0,0,0,0,0,0,0,0,7.39288795
1586,6.7,21185,113,0,0,0,0,0,0,0,0,6.364409135
1593,8.4,44360,44,0,0,0,0,0,1,1,1,7.63796956
1597,6.7,26259,84,0,0,0,0,0,0,0,0,6.267762389
1605,7.5,141034,149,0,0,0,0,0,1,0,0,6.657996414
1614,6.8,3149,26,0,0,0,0,0,1,1,0,7.402951579
1622,5.8,969,85,0,0,0,0,1,0,0,0,5.914581799
1624,8.3,989037,131,0,0,0,1,0,1,0,1,8.558460627
1636,8.7,135407,44,0,0,0,0,0,1,1,1,7.826527897
1644,6.6,431328,123,0,0,0,0,0,0,0,0,7.250765288
1651,6.1,82053,89,0,0,0,0,0,0,0,0,6.401786763
1656,6.5,799,60,0,0,0,0,1,0,1,0,7.306854729
1657,7.7,39713,60,0,0,0,0,0,1,1,0,7.604305623
1663,8.2,96804,60,0,0,0,0,0,0,1,0,7.810181084
1667,6.5,234440,90,0,0,0,0,0,0,0,1,6.80423524
1668,8.4,76398,126,0,0,0,0,0,1,0,1,6.522310258
1674,7,225,84,0,0,0,0,1,0,0,0,5.909345975
1675,7.1,114759,120,0,0,0,0,0,0,0,0,6.584065889
1684,7.1,375645,137,0,0,0,0,0,1,0,0,7.099535795
1688,6.5,4746,30,0,0,0,0,0,0,1,0,7.508678966
1692,6.7,48025,191,0,0,0,0,0,1,0,0,6.620564775
1696,6.5,71193,121,1,0,0,0,0,0,0,0,6.629935703
1701,7.3,206794,122,0,0,0,0,0,0,0,0,6.782060374
1704,6.3,91362,110,1,0,0,0,0,0,0,1,6.714220702
1705,6.9,199104,88,0,0,0,0,0,0,0,0,6.640504384
1707,7.2,361187,138,0,0,0,0,0,1,0,0,7.073288277
1709,7.4,470869,132,0,0,0,0,0,1,0,0,7.278269699
1711,8,71090,60,1,0,0,0,0,0,1,0,7.88932739
1715,8,428053,125,0,0,0,0,0,1,0,1,7.246892763
1719,7.1,143462,108,0,0,0,1,0,0,0,1,6.809929802
1722,7.1,199352,117,0,0,0,0,0,0,0,1,6.831332992
1727,7.4,289612,111,0,0,0,0,0,0,0,0,6.912931452
1729,6.4,430215,124,0,0,0,0,0,0,0,0,7.252155265
1731,6.2,88923,91,0,0,0,0,0,1,0,0,6.335764533
1733,7.4,495630,144,0,0,0,0,0,0,0,0,7.46152973
1742,7.6,374296,128,0,0,0,0,0,1,0,0,7.063487016
1747,6.4,18178,112,0,0,0,0,0,0,0,0,6.354486638
1757,6.4,328334,108,0,0,0,1,0,0,0,1,7.192799714
1762,7.9,14492,30,0,0,0,0,0,0,1,0,7.528862932
1767,8.3,423573,119,0,0,0,1,0,0,0,1,7.430684683
1775,7.6,277285,110,0,0,0,0,0,1,0,0,6.796067235
1778,6.5,86317,123,0,0,0,0,0,1,0,1,6.531767507
1781,8,251045,181,0,0,0,0,0,0,0,0,7.091709195
1785,7.2,163863,112,0,0,0,0,0,0,0,1,6.739360273
1796,6.3,34115,95,0,0,0,0,0,0,0,1,6.407837165
1797,7.6,74353,126,0,0,0,0,0,1,0,1,6.518075063
1799,8,474940,117,0,0,0,0,0,0,0,0,7.31891574
1803,7.5,739675,140,0,0,0,0,0,0,0,0,7.952166925
1806,7.7,371915,101,0,0,0,0,0,0,0,0,7.046430965
1808,7.5,120618,130,0,0,0,0,0,1,0,0,6.545509878
1810,7.5,28951,60,0,0,0,0,0,1,1,0,7.582017521
1817,6.7,145993,121,0,0,0,0,0,0,0,0,6.652446503
1819,7.6,324184,110,0,0,0,0,0,0,0,0,6.980835064
1827,6.1,43462,60,0,0,0,0,0,0,1,0,7.699709802
1828,6.6,10412,110,0,0,0,0,0,0,0,1,6.414173252
1838,7.3,99670,118,0,0,0,0,0,1,0,1,6.54094657
1842,8.2,14165,30,0,0,0,0,0,1,1,1,7.523705715
1849,6.5,31879,100,0,0,0,0,0,0,0,1,6.421681409
1857,6.9,8104,95,0,0,0,0,0,1,0,0,6.183168384
1865,6.9,481081,131,0,0,0,0,0,0,0,0,7.383363751
1881,6.1,49714,91,0,0,0,1,0,1,0,1,6.465322694
1887,8.4,1045683,98,0,0,0,0,0,0,0,1,8.513879493
1888,4.5,1347,93,0,0,0,0,1,1,0,0,5.857284637
1894,6.7,50544,30,0,0,0,0,0,0,1,0,7.603526624
1900,6.5,123707,109,0,0,0,0,0,0,0,0,6.561952197
1903,7.4,355379,131,0,0,0,0,0,1,0,0,7.035394909
1906,8.6,35116,23,0,0,0,0,0,1,1,0,7.458070236
1914,7.1,414222,116,0,0,0,0,0,0,0,1,7.272633762
1915,6.6,94048,95,0,0,0,0,0,0,0,0,6.448798408
1922,7.1,615816,169,0,0,0,0,0,1,0,0,7.715169936
1923,7.8,13636,30,0,0,0,0,0,0,1,1,7.610250156
1924,7.4,27564,45,0,0,0,0,0,0,1,0,7.611360044
1927,5.7,249167,138,0,0,0,0,0,1,0,0,6.841294857
1929,5.8,53274,95,0,0,0,0,0,0,0,0,6.364355454
1930,6.7,374835,110,0,0,0,0,0,0,0,0,7.085733285
1935,5.1,6506,60,0,0,0,0,0,0,1,1,7.706333926
1937,7.2,86055,103,1,0,0,0,0,0,0,0,6.594204905
1939,7.4,143435,145,0,0,0,0,0,1,0,1,6.731348885
1945,5.7,52975,93,0,0,0,0,0,0,0,0,6.356346225
1947,7.2,8685,30,0,0,0,0,0,1,1,1,7.512356635
1948,7.5,172795,100,0,0,0,0,0,0,0,0,6.630358445
1949,7.6,82741,97,0,0,0,0,0,0,0,1,6.515931611
1951,7.9,35815,60,0,0,0,0,0,0,1,1,7.767032865
1965,6.4,62792,94,0,0,0,1,0,0,0,1,6.591132232
1969,5.3,5753,106,0,0,0,0,1,0,0,0,6.002084463
1970,7.5,102038,153,0,1,0,0,0,1,0,1,7.751175698
1971,7.1,117334,105,0,0,0,0,0,1,0,0,6.446333714
1977,7.6,104132,111,0,0,0,0,0,0,0,1,6.611962372
1984,7.2,223084,127,0,0,0,0,0,1,0,0,6.746631964
1990,8.6,329876,207,0,0,0,0,0,1,0,1,7.346558196
1993,8.8,23173,24,0,0,0,0,0,1,1,0,7.437031283
1994,8.7,68416,60,0,0,0,0,0,1,1,1,7.746909536
1995,6.6,128337,128,0,0,0,1,0,1,0,0,6.681705927
1997,6.5,4668,60,0,0,0,0,0,0,1,0,7.619367428
1999,6.7,34703,89,0,0,0,0,0,0,0,0,6.303724913
2009,6.6,231508,114,0,0,0,0,0,0,0,1,6.886843068
2013,8.4,35207,23,0,0,0,0,0,1,1,0,7.458258697
2024,6.9,267072,100,0,0,0,0,0,1,0,0,6.737966112
2030,8.1,47971,24,0,0,0,0,0,1,1,0,7.488387941
2042,6.7,86573,110,0,0,0,0,0,0,0,0,6.488742683
2044,4.2,6665,94,0,0,0,0,0,1,0,0,6.176493215
2059,6.7,36383,30,0,0,0,0,0,1,1,1,7.569719193
2061,7.4,551567,113,0,0,0,0,0,0,0,0,7.462830257
2063,6.8,2166,60,0,0,0,0,1,1,1,0,7.222045786
2068,6.6,35041,95,0,0,0,0,0,1,0,0,6.238954911
2074,7.3,79489,121,0,0,0,0,0,0,0,0,6.514716719
2075,6.1,104105,114,0,0,0,0,0,1,0,0,6.452191455
2083,6.9,304459,118,0,0,0,0,0,1,0,0,6.881904589
2093,6.4,19392,109,0,0,0,0,1,0,0,0,6.041415832
2094,7.7,13890,115,0,0,0,0,0,1,0,1,6.35221119
2097,7.2,158105,137,0,0,0,0,0,1,0,0,6.649010455
2099,7.3,145988,134,0,0,0,0,0,0,0,1,6.783631148
2100,6.5,2029,96,0,0,0,0,1,0,0,0,5.957422059
2103,8.3,383420,128,0,0,0,1,0,1,0,1,7.29314282
2105,6.9,587518,106,1,0,0,0,0,0,0,1,7.726979778
2109,8.5,58648,24,0,0,0,0,0,0,1,0,7.598140008
2111,5.1,22432,25,0,0,0,0,0,0,1,1,7.609991672
2115,6.8,19974,119,1,0,0,0,0,0,0,0,6.516471154
2122,7.7,133384,131,0,0,0,0,0,1,0,0,6.575643264
2135,7,148028,108,0,0,0,0,0,1,0,1,6.604145988
2136,7.3,43722,43,0,0,0,0,0,0,1,0,7.637433262
2137,7.2,338526,104,0,0,0,0,0,0,0,0,6.988367346
2143,7.6,206286,95,0,0,0,0,0,1,0,0,6.593603306
2153,7.8,430849,102,0,0,0,1,0,0,0,1,7.382938279
2158,7.4,109694,89,0,0,0,0,0,1,0,0,6.371391274
2166,6.9,4453,60,0,0,0,0,0,0,1,0,7.618922163
2169,7.2,263252,165,0,0,0,0,0,0,0,0,7.057869892
2182,7.6,11825,30,0,0,0,0,0,1,1,1,7.518859575
2184,7,7161,60,0,0,0,0,0,1,1,1,7.620050431
2194,7.5,9094,45,0,0,0,0,0,0,1,1,7.656268674
2198,5.2,80971,92,0,0,0,1,0,1,0,1,6.533750941
2206,5.8,241840,131,0,0,0,0,0,1,0,0,6.80025564
2210,7.7,201021,129,0,0,0,0,0,0,0,0,6.795969491
2215,7.1,138730,141,0,0,0,0,0,1,0,0,6.62366483
2218,5.9,55926,102,0,0,0,0,0,1,0,1,6.391232746
2222,6.7,497193,104,0,0,0,0,0,1,0,0,7.229326703
2225,8.5,1598,29,0,0,0,0,0,1,1,1,7.493984458
2229,6.8,269667,112,0,0,0,0,0,0,0,0,6.875320357
2230,7.2,133704,132,0,0,0,0,0,1,0,0,6.580000984
2237,8,68402,60,0,0,0,0,0,0,1,0,7.751360542
2240,7.1,25697,112,0,0,0,0,0,0,0,0,6.370058487
2251,7.8,9436,25,0,0,0,0,1,0,1,0,7.195416956
2261,8.1,33471,60,0,0,0,0,0,0,1,1,7.762178441
2264,6.6,395341,129,0,0,0,0,0,0,0,0,7.198406211
2270,5.6,7248,91,0,0,0,0,0,0,0,0,6.254255608
2287,7.8,23781,22,0,0,0,0,1,0,1,1,7.297200451
2295,7.1,152084,111,0,0,0,1,0,1,0,1,6.751230964
2303,6.3,58261,102,0,0,0,0,0,0,0,0,6.400548531
2309,6.6,42452,126,0,0,0,1,0,1,0,1,6.579608092
2310,7.9,524928,119,0,0,0,0,0,1,0,0,7.342190888
2311,6.4,65103,99,0,0,0,0,0,0,0,0,6.403633313
2312,7.3,174607,105,0,0,0,0,0,0,0,0,6.652586097
2313,5.5,88801,107,0,0,0,0,0,0,0,0,6.482271871
2331,6.2,45246,97,0,0,0,0,0,0,0,0,6.355119466
2336,5.4,56909,133,0,0,0,0,0,1,0,0,6.424653539
2339,6,113714,97,0,0,0,0,0,1,0,1,6.492436694
2340,8.3,17684,43,0,0,0,0,0,0,1,0,7.583508564
2341,6.6,87351,114,0,0,0,0,0,1,0,0,6.417493921
2346,6.9,88373,106,0,0,0,1,0,1,0,0,6.517650483
2351,7.8,455783,101,0,0,0,0,0,1,0,0,7.132481593
2352,6.2,202335,94,0,0,0,0,0,0,0,0,6.669365785
2357,7.1,46133,119,0,0,0,0,0,0,0,1,6.521406443
2363,6.4,149127,115,0,0,0,0,0,1,0,0,6.549127017
2367,7.4,186799,131,0,0,0,0,0,1,0,1,6.769425729
2374,6.2,171499,140,0,0,0,1,0,0,0,0,6.903074429
2377,6.1,7592,30,0,0,0,0,1,1,1,0,7.122433032
2388,7.7,191275,104,0,0,0,1,0,1,0,1,6.806530525
2390,7.6,98134,92,0,0,0,0,0,1,0,0,6.358535514
2399,7.4,4147,43,0,0,0,0,1,1,1,1,7.246493437
2402,6.9,19129,60,0,0,0,0,1,0,1,0,7.344816159
2405,5.8,276368,106,0,0,0,0,0,1,0,0,6.779388128
2406,6.3,186984,92,0,0,0,0,0,1,0,0,6.542543864
2409,6.8,175923,136,0,0,0,0,0,1,0,0,6.682216533
2410,8.3,280229,228,0,1,0,0,0,0,0,0,8.401814259
2411,6,113818,132,0,0,0,0,0,0,0,0,6.626457078
2412,8.1,231156,124,0,0,0,1,0,0,0,1,7.050664076
2416,7.3,22625,60,0,0,0,0,0,1,1,0,7.568916375
2422,8.3,304935,129,0,1,0,0,0,0,0,1,8.170335385
2431,7.8,16301,30,0,0,0,0,0,0,1,0,7.532609371
2434,6,37363,123,0,0,0,0,0,1,0,0,6.347223773
2435,8,429091,84,0,0,0,0,0,0,0,1,7.185187461
2438,5.8,1145,109,0,1,0,0,1,0,0,0,7.079626295
2443,6.7,185030,115,0,0,0,0,0,0,0,0,6.71112213
2445,6.1,78056,87,0,0,0,0,0,0,0,0,6.386118976
2447,7.5,241534,147,0,0,0,0,0,0,0,0,6.946381914
2451,6.8,54605,42,0,0,0,0,0,1,1,0,7.568636955
2467,7,110378,93,0,0,0,1,0,0,0,0,6.602827838
2470,7,237657,120,0,0,0,0,0,0,0,0,6.838587647
2475,5.3,478,96,0,1,0,0,1,0,0,0,7.030209938
2479,4.3,102613,94,0,0,0,0,0,0,0,0,6.462841523
2486,7.5,40467,24,0,0,0,0,0,0,1,1,7.643647157
2490,8.2,8337,30,1,0,0,0,0,0,1,0,7.648515927
2494,7.7,149671,102,0,0,0,0,0,0,0,0,6.589858641
2499,7.1,9820,127,0,0,0,0,0,0,0,1,6.47576222
2501,7.3,121986,55,0,0,0,0,0,0,1,0,7.843858006
2504,7,188165,107,0,0,0,1,0,1,0,1,6.811174715
2506,6.7,63548,79,0,0,0,1,0,0,0,1,6.537272908
2513,5.5,3005,94,0,0,0,0,0,1,0,1,6.252073355
2520,5.9,4828,113,0,0,0,0,0,0,0,1,6.413693788
2531,5.5,217,30,0,0,0,0,1,0,1,0,7.194799407
2533,6.2,222701,119,0,0,0,0,0,0,0,0,6.803918771
2535,7.3,96334,123,0,0,0,0,0,1,0,0,6.469352714
2539,6.7,252498,117,0,0,0,0,0,1,0,0,6.770598358
2547,7.5,57148,148,0,0,0,0,0,0,0,0,6.568213508
2550,6.5,11830,60,0,0,0,0,0,1,1,1,7.62971993
2552,8.3,49495,42,1,0,0,0,0,1,1,0,7.690454145
2553,6.7,34891,44,0,0,0,0,0,1,1,0,7.535199261
2555,5.8,205372,101,0,0,0,0,0,0,0,1,6.784680412
2558,7.7,335819,100,0,0,0,1,0,0,0,1,7.178741149
2567,6.8,25409,75,0,0,0,0,0,0,0,1,6.315907039
2568,6,35860,84,0,0,0,0,0,0,0,0,6.28764606
2571,9,2991,124,0,0,0,0,1,0,0,0,6.062874361
2579,7.9,27813,30,1,0,0,0,0,1,1,1,7.684370723
2580,6.7,13358,30,0,0,0,0,0,0,1,0,7.526514418
2589,7,311475,127,0,0,0,0,0,1,0,1,7.012849725
2593,6.7,1503,90,0,0,0,0,1,0,1,0,7.419162713
2596,7.4,137375,102,0,0,0,1,0,0,0,1,6.775153625
2598,8,126610,151,0,0,0,0,0,1,0,0,6.63551431
2602,6.5,254547,90,0,0,0,0,0,0,0,1,6.845876837
2609,6,76700,105,0,0,0,0,0,0,0,1,6.5329807
2613,6.7,3360,21,0,0,0,0,0,1,1,0,7.38491356
2614,6.8,7024,45,0,0,0,0,0,1,1,0,7.481181704
2615,7.4,5357,593,0,0,0,0,0,0,1,0,9.590229347
2619,8.2,9996,60,0,0,0,0,1,0,1,1,7.409061716
2620,6.4,211124,96,0,0,0,0,0,0,0,0,6.694957804
2624,7.8,4230,60,0,0,0,0,1,0,1,0,7.31396033
2625,8.3,4216,60,0,0,0,0,0,1,1,0,7.530791336
2627,6.5,773,99,0,0,0,0,1,0,0,1,6.049065883
2640,6.9,65718,121,0,0,0,0,0,0,0,0,6.486196978
2644,5.9,129805,105,0,0,0,0,0,1,0,0,6.472161155
2648,8.3,9611,30,0,0,0,0,0,0,1,0,7.518754381
2652,6.1,74304,94,0,0,0,0,0,0,0,0,6.404213584
2653,5.5,97594,110,0,0,0,0,0,0,0,1,6.594727174
2656,7.2,70194,120,0,0,0,0,0,1,0,0,6.404131774
2669,5.9,305663,92,0,0,0,0,0,0,0,0,6.875968073
2670,6.3,3180,22,0,0,0,0,1,0,1,0,7.17137578
2671,7.6,50021,60,0,0,0,0,0,1,1,1,7.708813491
2673,5.5,2899,96,0,0,0,0,0,0,0,0,6.263723829
2674,6.2,227424,121,0,0,0,0,0,0,0,0,6.821090104
2684,6.8,18266,60,0,0,0,0,1,1,1,0,7.255388886
2697,7.6,4974,60,0,0,0,0,0,0,1,0,7.620001154
2705,7.2,3971,89,0,0,0,0,0,0,0,0,6.240078941
2708,5.7,635,102,0,0,0,0,1,0,0,0,5.976705085
2716,6.2,24583,102,0,0,0,0,0,0,0,0,6.330801393
2717,8.1,160931,98,0,0,0,0,0,1,0,0,6.510758101
2719,8,29259,94,0,0,0,0,0,0,0,1,6.394085389
2720,8.5,36492,30,0,0,0,0,0,1,1,0,7.486784932
2732,6.8,191464,98,0,0,0,0,0,0,0,0,6.661631944
2735,6.7,208016,117,0,0,0,0,0,1,0,0,6.678476136
2737,7.4,528514,134,0,0,0,0,0,1,0,0,7.405042494
2742,6.6,107361,112,0,0,0,0,0,1,0,1,6.534704631
2743,7.8,18381,42,0,0,0,0,0,1,1,0,7.493617051
2747,7.1,389218,93,0,0,0,1,0,1,0,1,7.175825478
2750,6.9,45143,120,0,0,0,0,0,0,0,0,6.439891153
2751,6.9,72120,102,0,0,0,1,0,1,0,1,6.55237052
2752,7.8,189291,147,0,0,0,0,0,0,0,0,6.838186661
2755,6.4,177597,130,0,0,0,1,0,0,0,1,6.961913387
2767,7.1,69490,113,0,0,0,0,0,0,0,0,6.46444879
2773,6.1,3446,108,0,0,0,0,1,0,0,0,6.004696666
2780,6.1,200437,88,0,0,0,0,0,1,0,0,6.555625027
2783,8.5,16088,25,0,0,0,0,0,0,1,0,7.513693248
2785,7.6,103448,111,0,0,0,0,0,0,0,0,6.527385808
2795,6.2,15497,98,0,0,0,0,0,0,0,0,6.297204287
2800,5.9,13072,83,0,0,0,0,1,1,0,0,5.844617112
2814,6.9,26429,30,0,0,0,0,1,1,1,0,7.161444459
2816,4.8,36377,92,0,0,0,0,0,0,0,0,6.318276767
2822,7.9,40174,114,0,0,0,0,0,0,0,0,6.407430354
2828,5.7,257,44,0,0,0,0,1,0,1,0,7.246612247
2836,8.3,55311,44,0,0,0,0,0,1,1,0,7.577489081
2837,5.9,263585,107,0,0,0,0,0,1,0,0,6.756609535
2847,5.8,74676,92,0,0,0,0,0,1,0,0,6.309953996
2849,6.2,170238,110,0,0,0,0,0,1,0,1,6.657532898
2850,6,42033,86,0,0,0,0,0,1,0,0,6.220180343
2851,6.9,341614,126,0,0,0,0,0,1,0,0,6.988412594
2853,7.5,128327,120,0,0,0,0,0,1,0,0,6.524525217
2857,8.3,313003,136,0,1,0,0,0,1,0,1,8.125269213
2858,7.3,35785,123,0,0,0,0,0,0,0,0,6.431595735
2861,7.2,1749,43,0,0,0,0,0,1,1,0,7.462867179
2862,6.9,381570,86,0,0,0,1,0,0,0,1,7.22176147
2866,6.4,89225,121,0,0,0,0,0,0,0,0,6.534879975
2876,6.2,85867,93,0,0,0,0,0,1,0,0,6.336825557
2879,7.3,67658,95,0,0,0,1,0,0,0,1,6.604904718
2880,7,27020,60,0,0,0,0,0,0,1,0,7.66565842
2888,6.2,238029,109,0,0,0,0,0,1,0,0,6.711073059
2889,7.2,174677,135,0,0,0,0,0,0,0,1,6.846741067
2891,7.7,2163,50,0,0,0,0,0,1,1,1,7.572749573
2894,7.7,247155,141,0,0,0,0,0,1,0,0,6.848213005
2897,7.3,23672,82,0,0,0,0,0,0,0,0,6.255014712
2903,7.5,90626,128,0,0,0,0,0,0,0,0,6.563646446
2904,5.5,425,133,0,0,0,0,1,0,0,0,6.090815175
2915,6.8,32007,45,0,0,0,0,1,0,1,1,7.399221497
2916,7.3,5835,60,0,0,0,0,1,0,1,0,7.317284285
2927,4.2,158942,100,0,0,0,0,0,0,0,0,6.601668882
2929,8.2,29457,11,0,0,0,0,0,1,1,1,7.485170447
2932,7.8,171031,127,0,0,0,0,0,1,0,1,6.721990201
2933,6.9,6726,30,0,0,0,0,0,0,1,1,7.595939546
2937,7.2,184344,121,0,0,0,0,0,1,0,1,6.727391424
2940,6.4,92138,146,0,0,0,0,0,0,0,0,6.633287798
2948,7.5,22988,60,0,0,0,0,0,1,1,0,7.569668148
2953,7.4,7376,60,0,0,0,0,1,0,1,1,7.403635696
2961,7.3,237060,115,0,0,0,0,0,1,0,1,6.81439626
2962,7.3,132774,94,0,0,0,0,0,1,0,1,6.520824954
2973,3.3,60357,86,1,0,0,1,0,0,0,0,6.605769347
2974,7,86587,111,0,0,0,0,1,0,0,0,6.187966677
2980,5.6,95141,90,0,0,0,0,0,0,0,0,6.432587011
2986,5.6,78077,118,0,0,0,0,0,0,0,1,6.583867467
2987,7.2,65689,107,0,0,0,0,0,1,0,1,6.429926919
2988,7,24021,60,0,0,0,0,0,1,1,1,7.654967491
2990,7,54235,129,0,0,0,0,1,0,0,0,6.187475685
2996,7.3,205083,101,0,0,0,1,0,1,0,1,6.824041893
2997,7.4,41189,124,0,0,0,0,0,0,0,1,6.529642419
3021,7.2,222586,113,0,0,0,0,0,0,0,1,6.864670606
3040,6.3,406,81,0,0,0,0,1,0,0,0,5.898635826
3042,7.8,133265,121,0,0,0,0,0,0,0,0,6.626086815
3045,8.2,26128,11,0,0,0,0,0,1,1,1,7.478276088
3049,7.4,145779,104,0,0,0,0,0,0,0,0,6.589188309
3052,6.7,39978,108,1,0,0,0,0,0,0,1,6.600414438
3053,6.9,36147,115,0,0,0,0,0,0,0,1,6.485945437
3056,7,144995,112,0,0,0,1,0,0,0,1,6.827884645
3059,6.5,317400,112,0,0,0,0,0,0,0,0,6.9741754
3066,8.1,48387,22,1,0,0,0,0,0,1,1,7.785059477
3071,5.6,166305,175,0,0,0,0,0,0,0,0,6.894042655
3072,6.2,138664,97,1,0,0,0,0,1,0,0,6.593348144
3078,9.1,91862,80,0,0,0,0,0,1,1,1,7.869366202
3079,6.9,31729,22,0,0,0,0,0,0,1,0,7.535000759
3082,6.5,127478,131,1,0,0,0,0,0,0,0,6.783451938
3084,6.3,154179,108,1,0,0,0,0,0,0,0,6.753764709
3112,5.9,18155,89,0,0,0,0,0,1,0,0,6.181814005
3119,5.3,101419,109,0,0,0,0,0,1,0,1,6.511313749
3121,6.3,34875,95,0,0,0,1,0,1,0,1,6.449371125
3123,7,849,126,0,0,0,0,1,0,0,0,6.065828279
3124,6.9,31905,46,0,0,0,0,0,0,1,1,7.707205255
3126,8.2,6150,900,0,0,0,0,1,0,1,0,10.42173665
3127,7,150118,94,0,0,0,0,0,1,0,0,6.473584378
3128,5.3,45415,93,0,0,0,0,0,0,0,0,6.340689465
3129,7.9,109824,117,0,0,0,0,0,0,0,0,6.562760504
3140,6.5,44132,106,0,0,0,0,0,0,0,1,6.469227372
3141,6.4,161870,130,0,0,0,0,0,1,0,0,6.63094277
3155,6.2,68246,97,0,0,0,1,0,1,0,0,6.442712466
3158,7.2,149357,97,0,0,0,0,0,1,0,0,6.483093347
3160,7.7,90544,202,0,0,0,0,0,1,0,0,6.749266624
3164,4,4318,91,0,0,0,1,1,0,0,0,6.071287578
3170,6.4,101446,104,0,0,0,0,0,0,0,0,6.497374666
3171,7.2,285016,118,0,0,0,0,0,1,0,0,6.841638136
3182,7.6,19998,22,0,0,0,0,0,0,1,1,7.593865858
3190,5.7,28658,106,0,0,0,0,0,0,0,0,6.354020718
3193,7.8,13258,22,0,0,0,0,0,0,1,1,7.579907318
3196,8,32044,132,0,0,0,0,0,0,0,0,6.457103124
3198,6.8,54221,119,0,0,0,1,0,0,0,1,6.665756691
3201,6.9,216010,96,0,0,0,1,0,0,0,1,6.91583671
3204,7.3,5352,31,0,0,0,0,0,0,1,0,7.513628992
3205,6.4,5041,97,0,0,0,0,0,1,0,0,6.184214911
3217,6.4,207656,93,0,0,0,0,0,1,0,1,6.672210576
3218,8.4,172210,161,0,0,0,0,0,0,0,1,6.93770191
3219,7.9,2928,60,0,0,0,0,1,0,1,0,7.311263888
3223,7.6,192552,138,0,0,0,1,0,0,0,1,7.022445192
3229,6.5,175225,101,0,0,0,0,0,0,0,0,6.639085975
3231,7.4,14679,22,0,0,0,0,1,0,1,1,7.278350209
3234,6.2,222878,104,0,0,0,1,0,1,0,1,6.871980338
3241,4.4,38711,114,0,0,0,0,0,0,0,0,6.404400481
3243,7,60844,93,0,0,0,0,0,1,0,0,6.285002924
3248,5.7,23707,93,0,0,0,1,0,0,0,1,6.506492197
3254,6.2,192321,94,0,0,0,0,0,1,0,0,6.560986791
3256,6.4,12471,93,0,0,0,0,0,1,0,0,6.184822441
3257,6.3,6956,60,0,0,0,0,1,0,1,0,7.319605876
3258,8.2,9743,46,0,0,0,0,0,1,1,1,7.573667753
3260,5.9,1673,84,0,0,0,0,0,0,0,0,6.216844783
3264,5.2,38618,23,0,0,0,0,0,0,1,0,7.552962878
3269,7,31298,192,0,0,0,0,0,0,0,1,6.760418158
3275,6.9,70841,112,0,0,0,0,0,0,0,0,6.463551711
3281,6.5,13708,87,0,0,0,0,0,0,0,0,6.252854268
3282,5.7,17268,88,0,0,0,0,0,0,0,0,6.263922028
3283,7.8,13337,50,0,0,0,0,0,1,1,1,7.595890927
3298,5.9,3625,185,0,0,0,0,1,1,1,0,7.686942375
3301,6.2,394797,154,0,0,0,0,0,1,0,0,7.202014587
3305,6.5,72501,105,0,0,0,1,0,1,0,0,6.481084571
3307,4.2,30684,87,0,0,0,0,1,0,0,0,5.983511564
3312,7.4,10966,45,0,0,0,0,0,1,1,1,7.572505586
3317,7.4,2793,90,0,0,0,0,0,1,1,1,7.721854303
3322,5.4,2247,14,0,0,0,0,0,0,1,0,7.444383537
3325,7,28594,79,0,0,0,0,0,0,0,1,6.337283174
3332,4.6,159,91,0,0,0,0,1,0,0,0,5.935074289
3346,7,34344,97,0,0,0,1,0,0,0,1,6.543301424
3347,6.5,12085,60,0,0,0,0,0,0,1,0,7.634728035
3354,7,40847,163,1,0,0,0,0,0,0,1,6.805439137
3355,6.7,120960,104,0,0,0,0,0,0,0,1,6.62094816
3364,7.9,149185,109,0,0,0,0,0,0,0,0,6.614717135
3366,6.6,63503,104,0,0,0,1,0,0,0,1,6.629554713
3374,5.4,88890,110,0,0,0,0,0,1,0,1,6.48906119
3375,5.5,5308,91,0,0,0,0,0,1,0,0,6.162597868
3376,5.8,19102,89,0,0,0,0,0,1,0,0,6.183775242
3378,7.2,8317,52,0,0,0,0,0,0,1,0,7.597364507
3386,6.5,34710,137,0,0,0,0,0,1,0,0,6.39345941
3392,7,321308,96,0,0,0,0,0,1,0,0,6.835508868
3405,7.3,27951,60,0,0,0,0,0,1,1,1,7.663106521
3419,7.7,3957,12,0,0,0,0,0,1,1,0,7.352894947
3422,6.6,125115,127,0,0,0,0,0,0,0,0,6.631378165
3425,6.9,359433,129,1,0,0,0,0,0,0,0,7.256440743
3426,7.5,9359,52,0,0,0,0,1,1,1,0,7.207382489
3428,8,136141,83,0,0,0,0,0,0,0,0,6.491633011
3431,6.1,37309,98,0,0,0,0,0,1,0,0,6.254736939
3432,7.4,149572,104,0,0,0,0,0,0,0,0,6.597043612
3433,7.2,36911,98,0,0,0,0,0,1,0,0,6.253912681
3434,6,50827,87,0,0,0,0,0,0,0,1,6.412887717
3437,7.1,12450,60,0,0,0,0,0,1,1,0,7.54784395
3444,6.9,43105,119,0,0,0,0,0,0,0,0,6.431975455
3456,7.5,84879,108,0,0,0,0,0,0,0,1,6.561004409
3461,4.7,5438,101,0,0,0,0,0,0,0,0,6.287457098
3468,7,243738,104,0,0,0,0,0,1,0,1,6.787581398
3487,7.5,174970,160,0,0,0,0,0,1,0,0,6.76892287
3488,7.3,33212,94,0,0,0,0,0,1,0,0,6.231472052
3501,6.6,94058,111,0,0,0,0,0,1,0,0,6.420299118
3507,4.6,10616,40,0,0,0,0,0,0,1,0,7.557785736
3511,8.3,251206,129,0,0,0,1,0,1,0,1,7.023022626
3514,7.5,8946,30,0,0,0,0,0,0,1,0,7.517377166
3516,6,143105,117,0,0,0,0,0,1,0,0,6.544045455
3517,8.2,14694,30,0,0,0,0,0,1,1,0,7.441641274
3521,5.9,73267,90,0,0,0,0,0,0,0,0,6.387285957
3522,7.9,549686,92,0,0,0,0,0,0,0,1,7.464499706
3523,8.1,229116,212,0,0,0,0,0,0,0,0,7.160839236
3524,3.2,195,86,0,1,0,0,1,0,0,0,6.992673845
3528,6.3,127301,129,0,0,0,0,0,1,0,0,6.555655371
3535,7,224637,92,0,0,0,0,0,0,0,0,6.708163227
3537,6.6,292719,135,0,0,0,0,0,0,0,0,7.008046049
3538,7.6,131032,93,0,0,0,0,0,1,0,0,6.430362272
3543,8.3,7317,60,0,0,0,0,0,0,1,1,7.708013507
3544,4.6,36049,100,0,0,0,0,0,1,0,0,6.259517479
3545,7.2,27635,30,0,0,0,0,0,1,1,1,7.551602085
3558,8.5,49177,25,0,0,0,0,0,1,1,0,7.494580567
3559,5.3,35105,88,0,0,0,0,0,0,0,0,6.300862455
3571,6.7,204313,109,0,0,0,0,0,0,0,0,6.728887223
3598,6,233119,103,0,0,0,0,0,1,0,1,6.761894449
3610,6.2,54670,125,0,0,0,0,0,1,0,0,6.39045657
3612,7.3,107432,116,0,0,0,0,0,0,0,0,6.554111672
3614,6.4,4556,47,0,0,0,0,0,0,1,0,7.571100476
3615,2,510,115,0,0,0,0,1,0,0,0,6.02448121
3623,7.5,82314,126,0,0,0,0,0,0,0,1,6.622202294
3625,7.3,178049,122,0,0,0,0,0,0,0,0,6.722529479
3629,6.4,189984,102,0,0,0,0,0,0,0,1,6.756506864
3632,7.1,13116,43,0,0,0,0,1,1,1,0,7.181908236
3634,4.4,13313,97,0,0,0,0,0,0,0,0,6.288986223
3635,6.2,131577,97,0,0,0,1,0,1,0,0,6.573870967
3642,6.6,10434,30,0,0,0,0,0,1,1,0,7.432818814
3646,5.2,19243,102,0,0,0,0,0,1,0,1,6.315262253
3653,4.7,5579,120,0,0,0,0,0,0,0,1,6.441114109
3683,7.7,25825,27,1,0,0,0,0,0,1,0,7.673648575
3684,5.8,10173,95,0,0,0,1,0,0,0,1,6.485853283
3695,6,1906,22,0,0,0,0,0,1,1,0,7.385597326
3698,4.7,9647,60,0,0,0,0,0,1,1,0,7.542038937
3712,5.7,61966,116,0,0,0,0,0,0,0,0,6.459951586
3718,8,258522,93,0,0,0,1,0,0,0,0,6.909634062
3720,7.6,67388,119,0,0,0,0,0,0,0,1,6.565425548
3727,6.6,2788,60,1,0,0,0,0,0,1,0,7.747873948
3731,6.4,7919,93,0,0,0,0,0,1,0,0,6.175395249
3746,6.4,76729,116,0,0,0,0,0,1,0,0,6.402885759
3748,6.3,234897,131,0,0,0,0,0,0,0,0,6.873516687
3750,5.2,60219,97,0,0,0,0,0,1,0,0,6.298488549
3759,8.3,13306,58,0,0,0,0,0,0,1,0,7.629866726
3761,6.6,97439,94,0,0,0,1,0,0,0,1,6.662886169
3768,5.4,51569,101,0,0,0,0,0,1,0,0,6.295354399
3770,7.4,23959,101,0,0,0,0,0,1,0,1,6.321334089
3775,6.3,15660,117,0,0,0,0,0,0,0,1,6.45090686
3784,7.7,130745,110,0,0,0,0,0,1,0,1,6.575742895
3797,7.2,407,104,0,0,0,0,1,0,0,0,5.983622897
3807,7.6,63918,134,0,0,0,0,0,1,0,1,6.526024178
3822,6.4,89706,107,0,0,0,0,0,1,0,0,6.396506126
3823,6.1,86966,107,0,0,0,0,0,1,0,0,6.390831586
3828,7.3,29490,100,0,0,0,1,0,0,0,1,6.54433379
3829,7.4,17567,60,0,0,0,0,0,0,1,1,7.729241257
3835,6.1,13074,78,0,0,0,0,0,0,0,0,6.218286254
3844,6.2,100442,113,0,0,0,1,0,0,0,1,6.739310382
3861,6,86157,98,0,0,0,0,0,0,0,1,6.526701147
3863,7.6,252026,131,0,0,0,0,0,0,0,0,6.908990846
3879,6.6,54784,113,0,0,0,0,0,1,0,0,6.346352664
3880,8.3,37344,104,0,0,0,0,0,1,0,0,6.276979424
3884,7.1,4636,60,0,0,0,0,1,0,1,0,7.314801156
3889,6.1,35602,106,0,0,0,0,0,1,0,0,6.280761742
3898,7.8,166344,157,0,0,0,0,0,0,0,1,6.910773424
3914,7.2,36564,30,0,0,0,0,0,1,1,1,7.570094044
3916,8.9,718,70,0,0,0,0,1,0,1,0,7.343636978
3928,7.5,115487,104,0,0,0,1,0,0,0,1,6.737213577
3931,6.8,80525,132,0,0,0,0,0,1,0,0,6.469867275
3943,6.7,7383,60,0,0,0,0,0,0,1,0,7.624990193
3948,7.7,33181,99,0,0,0,0,0,0,0,0,6.337522851
3949,7.5,51663,110,0,0,0,0,0,1,0,0,6.328804073
3954,5.7,2221,107,0,0,0,1,0,0,0,0,6.430564691
3956,7.2,35267,105,0,0,0,0,0,1,0,0,6.276372957
3965,6.4,227651,150,0,0,0,0,0,0,0,0,6.928715221
3966,8.1,4064,70,0,0,0,0,0,0,1,1,7.738226544
3967,6,71302,135,0,0,0,1,0,0,0,1,6.760251442
3979,7.2,234133,97,0,0,0,0,0,1,0,0,6.658664443
3980,5.9,104056,114,0,0,0,0,0,0,0,1,6.622889976
3983,7.8,58858,129,0,0,0,0,0,0,0,0,6.501549918
3984,6.9,80782,105,0,0,0,0,0,1,0,0,6.370634522
3985,8.7,4889,70,0,0,0,0,1,0,1,0,7.352275119
3989,4.2,15950,81,0,0,0,0,0,0,0,0,6.23532745
3994,7.3,15113,60,0,0,0,0,0,0,1,0,7.640999023
3995,3.4,988,70,0,0,0,0,1,0,0,0,5.859196148
3999,7.5,55261,97,1,0,0,0,0,1,0,0,6.420620531
4002,7.3,2643,120,0,0,0,0,1,0,1,0,7.532373653
4013,6.5,10515,112,0,0,0,0,0,1,0,0,6.250976565
4017,7,245159,89,0,0,0,0,0,1,0,0,6.651939289
4021,7,66024,99,0,0,0,1,0,0,0,1,6.616300704
4022,6.2,2459,113,1,0,0,0,0,0,0,1,6.541187589
4034,5.5,57908,110,0,0,0,0,0,0,0,0,6.429377468
4046,5.8,14870,97,0,0,0,0,0,0,0,0,6.29221077
4050,5.6,5615,107,0,0,0,0,0,1,0,0,6.222353665
4053,5.9,63902,114,0,0,0,0,0,1,0,1,6.452091042
4056,6.9,19730,117,0,0,0,0,0,1,0,0,6.28853583
4059,8.7,8909,22,0,0,0,0,0,0,1,0,7.487740539
4065,7.6,363166,110,0,0,0,0,0,1,0,1,7.057086786
4068,6.8,324043,120,0,0,0,1,0,0,0,0,7.145093053
4071,6.7,10832,130,0,0,0,0,0,0,0,0,6.405783072
4074,6.7,60414,117,0,0,0,0,0,1,0,1,6.455952394
4077,7.2,87614,121,0,0,0,0,0,1,0,1,6.527063594
4088,6.1,31840,116,0,0,0,1,0,0,0,1,6.60832064
4092,7.1,20332,42,0,0,0,0,0,1,1,1,7.580817572
4099,7.5,231,60,0,0,0,0,1,0,0,0,5.820678401
4102,6.1,10918,139,0,0,0,0,0,1,0,0,6.351576178
4103,7.7,447254,108,0,0,0,0,0,1,0,0,7.140683034
4122,6.9,861,119,0,0,0,0,0,0,0,0,6.344488131
4133,6.9,2633,113,0,0,0,1,0,0,0,1,6.536747943
4134,6.3,195412,115,1,0,0,0,0,0,0,1,6.948183252
4135,5.7,62426,111,0,0,0,1,0,0,0,1,6.653189246
4144,6.4,178555,95,0,0,0,0,0,0,0,0,6.623812405
4145,7.4,6471,120,0,0,0,0,1,0,1,0,7.540301441
4154,3.2,817,74,0,0,0,0,1,0,0,0,5.873622007
4156,7.2,55534,109,0,0,0,1,0,0,0,1,6.631525914
4160,5.5,14195,94,0,0,0,0,0,1,0,1,6.275247845
4161,6.3,10278,107,0,0,0,0,0,0,0,1,6.402810738
4184,7.7,1873,25,0,0,0,0,1,0,1,0,7.179753983
4187,4.6,1911,72,0,0,0,0,1,0,0,0,5.868497681
4199,7.4,49608,128,0,0,0,0,0,1,0,1,6.474218168
4205,7.2,6297,30,0,0,0,0,1,0,1,0,7.207391087
4219,6,29133,90,0,0,0,0,0,1,0,0,6.208244443
4221,7.3,13707,139,0,0,0,0,0,0,0,0,6.444992197
4222,7.1,51638,108,0,0,0,0,0,0,0,1,6.492162298
4223,6.9,5420,25,0,0,0,0,0,0,1,0,7.49159982
4235,6,54504,91,0,0,0,0,0,0,0,1,6.435282784
4239,7.9,20311,137,0,0,0,0,0,0,0,0,6.451279081
4240,5.4,38983,114,0,0,0,0,0,0,0,0,6.404963793
4245,7.2,3003,53,0,0,0,0,0,1,1,1,7.585574213
4250,7.3,51575,104,0,0,0,0,0,1,0,0,6.306451825
4253,6.9,42145,158,0,0,0,0,0,0,0,0,6.574092295
4263,4.1,2261,90,0,0,0,0,0,1,0,0,6.152592531
4264,7.3,2802,22,0,0,0,0,0,0,1,0,7.475092942
4265,6.9,58138,107,0,0,0,0,0,1,0,0,6.331128798
4268,8.1,6327,154,0,0,0,0,0,0,0,0,6.485133217
4269,6.3,71014,112,0,0,0,1,0,0,0,1,6.674669994
4288,6.5,48497,100,1,0,0,0,0,1,0,0,6.417697287
4290,7.8,495,42,0,0,0,0,1,0,1,0,7.239715145
4307,5.6,41603,89,0,0,0,0,0,0,0,0,6.318014813
4308,6.5,2025,93,0,0,0,0,0,0,0,0,6.250828775
4312,6.7,194920,106,0,0,0,0,0,0,0,0,6.69834932
4319,6.5,188197,124,0,0,0,0,0,0,0,0,6.750935987
4320,6.9,65453,81,0,0,0,0,0,1,0,0,6.250208163
4324,6,185936,105,0,0,0,1,0,0,0,1,6.886808456
4330,6.5,333119,95,0,0,0,0,0,1,0,1,6.939434449
4331,4,79938,82,0,0,0,1,0,0,0,1,6.582301598
4333,6.3,73908,111,0,0,0,1,0,0,0,1,6.676968468
4338,6.4,53543,95,0,0,0,0,0,1,0,0,6.277272553
4355,5.1,53043,121,0,0,0,0,0,1,0,0,6.372307053
4356,4.5,425,91,0,0,0,0,0,0,0,0,6.240125175
4357,7.3,12701,43,0,0,0,0,1,0,1,0,7.268688771
4361,7.4,146326,109,0,0,0,0,0,0,0,0,6.608796146
4363,7.7,1637,24,0,0,0,0,0,0,1,0,7.480070227
4367,6.8,1801,30,0,0,0,0,1,0,1,0,7.198079871
4374,6.6,59212,121,0,0,0,0,0,0,0,0,6.472723052
4379,7.3,1285,136,0,0,0,0,1,0,0,0,6.103681235
4380,7.9,2125,90,0,0,0,0,1,0,1,0,7.420450875
4383,6.2,4308,88,0,0,0,0,0,1,0,1,6.232601868
4389,7.1,97268,99,0,0,0,0,0,1,0,0,6.382607028
4396,3.8,23604,117,0,0,0,0,0,1,0,0,6.296558884
4399,6.8,144977,99,0,0,0,1,0,0,0,0,6.696652367
4406,5.8,540,91,0,0,0,0,1,0,0,0,5.93586334
4409,8,75054,60,0,0,0,0,0,0,1,0,7.765136834
4412,6.9,1177,60,0,0,0,0,1,0,1,1,7.390797567
4423,6.2,7100,107,0,0,0,0,0,1,0,0,6.2254291
4424,5.4,31266,90,0,0,0,0,0,1,0,0,6.212661886
4436,4.2,25963,95,0,0,0,1,0,0,0,1,6.518554373
4438,6.7,52919,108,0,0,0,1,0,0,0,1,6.622415249
4440,5.2,9100,91,0,0,0,0,0,0,0,0,6.2580911
4448,7.4,46246,134,0,0,0,0,0,0,0,0,6.493905466
4453,6.2,119313,118,0,0,0,0,0,1,0,0,6.498467223
4455,3.7,41440,83,1,0,0,0,0,0,0,0,6.42790724
4457,3,44416,89,0,0,0,0,0,1,0,0,6.236200536
4461,5.7,101720,98,0,0,0,0,0,1,0,0,6.38813212
4474,7,27427,110,0,0,0,0,0,0,0,0,6.366251317
4478,6.2,60684,107,0,0,0,0,0,1,0,0,6.336401564
4481,7.6,34191,44,0,0,0,0,0,1,1,0,7.533749561
4483,5.2,50012,101,0,0,0,0,0,0,0,1,6.462929852
4486,6.6,2535,30,0,0,0,0,1,0,1,0,7.199599985
4488,4.9,53030,98,0,0,0,0,0,0,0,0,6.37493513
4490,6.7,8417,60,0,0,0,0,0,1,1,0,7.539491607
4494,6.2,209252,106,0,0,0,0,0,0,0,1,6.811190892
4497,7.4,5240,127,0,0,0,0,1,0,0,0,6.07861704
4498,6.6,70360,115,0,0,0,0,0,0,0,0,6.47364056
4499,5.8,179,30,0,0,0,0,1,0,1,0,7.194720709
4504,8.1,21115,60,0,0,0,0,1,0,1,0,7.348929165
4507,7.4,13138,111,0,0,0,0,0,1,0,0,6.252713798
4508,6,189,60,0,0,0,0,1,0,1,0,7.305591419
4515,6.1,53254,113,0,0,0,0,0,0,0,1,6.513984034
4516,5.8,143,22,0,0,0,0,1,0,1,0,7.165086153
4532,7.9,8746,30,0,0,0,0,0,0,1,0,7.516962966
4537,7.7,58870,60,0,0,0,0,0,1,1,0,7.64397977
4538,6.7,39232,82,0,0,0,0,0,0,0,0,6.287239472
4540,5.3,41783,90,0,0,0,0,0,0,0,0,6.322082593
4542,7.1,54606,125,0,0,0,0,0,1,0,0,6.390324026
4545,6.6,15831,60,1,0,0,0,0,0,1,0,7.774886001
4549,8,30071,180,1,0,0,0,0,0,0,0,6.762777041
4553,5.6,1199,91,0,0,0,0,0,0,0,1,6.324888129
4554,7.2,14055,127,0,0,1,0,0,0,0,1,7.682532905
4567,6.2,4461,60,0,0,0,0,1,0,1,0,7.314438731
4568,6.8,105942,93,0,0,0,0,0,0,0,1,6.549200882
4572,3.7,380,110,0,0,0,0,1,0,0,0,6.00573698
4583,7,20888,92,0,0,0,1,0,1,0,0,6.326159048
4586,6.5,58010,119,0,0,0,1,0,1,0,0,6.50280371
4587,7.1,12260,110,0,0,0,0,0,0,0,0,6.33484046
4590,6.5,116851,114,0,0,0,0,0,0,0,0,6.566228421
4594,6,2818,85,0,0,0,0,0,0,0,0,6.222911078
4596,5.1,3462,89,0,0,0,0,0,0,0,0,6.239024802
4598,6.6,7043,60,0,0,0,0,1,0,1,0,7.319786053
4599,7.7,47803,44,0,0,0,0,0,1,1,0,7.561940013
4602,7,61303,116,0,0,0,1,0,0,0,1,6.669338513
4603,8.6,12545,30,0,0,0,0,0,0,1,0,7.524830695
4612,5,23629,43,0,0,0,0,0,0,1,0,7.595820659
4615,5.7,35717,118,0,0,0,0,0,1,0,0,6.325339907
4618,5.9,33713,90,0,0,0,0,0,1,0,0,6.217729623
4620,8.9,23048,30,0,0,0,0,0,1,1,0,7.458942408
4621,5.1,62546,89,0,0,0,0,0,0,0,0,6.361387766
4631,6.9,15830,45,0,0,0,0,0,0,1,0,7.58705893
4635,5.5,885,120,0,0,0,0,1,0,1,0,7.528732835
4642,5.3,1000,82,0,0,0,0,0,1,0,1,6.203581
4645,8.2,6745,30,0,0,0,0,0,0,1,0,7.512818895
4648,4.9,3290,115,0,0,0,0,1,0,0,0,6.03023859
4659,7.6,7269,52,1,0,0,0,0,0,1,0,7.727594099
4673,6.7,102926,101,0,0,0,1,0,0,0,1,6.700114746
4677,6.2,133788,125,1,0,0,0,0,0,0,1,6.857509948
4682,7.9,82705,100,0,0,1,0,0,1,0,0,7.554142055
4684,7.2,59680,151,0,0,0,0,0,0,0,1,6.66770228
4687,7.2,552,121,0,0,0,0,1,0,0,0,6.046738192
4690,5.6,257269,92,0,0,0,1,0,1,0,1,6.898864099
4692,5.1,77398,104,0,0,0,0,0,0,0,1,6.530731258
4700,6.5,70472,98,0,0,0,0,0,0,0,0,6.411057512
4705,8.1,16488,24,0,0,0,0,0,1,1,0,7.423186648
4706,7,19496,42,0,0,0,0,1,0,1,1,7.362226216
4707,7.1,29331,88,0,0,0,0,0,0,0,1,6.372064501
4713,6.8,28061,92,0,0,0,0,0,1,0,0,6.213414331
4715,5.7,8455,30,0,0,0,0,0,0,1,1,7.599520305
4716,6.6,42989,107,0,0,0,1,0,1,0,1,6.510515219
4717,7.7,6531,30,0,0,0,0,1,1,1,1,7.203395701
4720,5.6,5365,98,0,0,0,0,0,0,0,0,6.276220915
4723,4.6,120131,94,0,0,0,0,0,1,0,0,6.411481301
4731,7.5,31527,112,0,0,0,0,0,1,0,1,6.377652417
4735,6.9,47046,94,0,0,0,0,0,1,0,1,6.343282266
4741,6.4,17770,119,0,0,0,1,0,0,0,1,6.59026667
4743,7.1,64036,130,0,0,0,0,0,0,0,0,6.515968556
4748,7.8,62423,125,0,0,0,0,0,1,0,0,6.406513033
